GenomeA,GenomeB,ANI,kmer_ani,algorithm
FQ312032,MT074478,89.87,static,skani
FQ312032,MT074474,90.64,static,skani
FQ312032,MT074470,90.31,static,skani
FQ312032,MN871495,89.89,static,skani
FQ312032,MK972690,90.60,static,skani
FQ312032,MH709120,91.12,static,skani
FQ312032,MG428992,93.61,static,skani
FQ312032,KX765865,90.05,static,skani
FQ312032,KR296692,89.61,static,skani
FQ312032,KJ174317,97.34,static,skani
FQ312032,JX128257,98.51,static,skani
FQ312032,HQ259103,89.95,static,skani
FQ312032,MT074479,91.74,static,skani
FQ312032,MT074475,90.48,static,skani
FQ312032,MT074471,92.04,static,skani
FQ312032,MN871498,92.63,static,skani
FQ312032,MK972699,92.82,static,skani
FQ312032,MH709121,89.03,static,skani
FQ312032,MG748547,93.25,static,skani
FQ312032,KY787213,89.26,static,skani
FQ312032,KX245012,89.37,static,skani
FQ312032,KJ174318,89.61,static,skani
FQ312032,KF669653,96.85,static,skani
FQ312032,JN126049,90.86,static,skani
FQ312032,MT074480,90.94,static,skani
FQ312032,MT074477,92.53,static,skani
FQ312032,MT074472,92.68,static,skani
FQ312032,MT074469,92.10,static,skani
FQ312032,MN871491,90.06,static,skani
FQ312032,MH791405,91.71,static,skani
FQ312032,MH370371,93.13,static,skani
FQ312032,MG383452,89.98,static,skani
FQ312032,KX438380,90.02,static,skani
FQ312032,KP797973,90.59,static,skani
FQ312032,KF669654,97.39,static,skani
FQ312032,JN593240,90.98,static,skani
MT074478,MT074480,96.68,static,skani
MT074478,MT074479,96.09,static,skani
MT074474,MT074475,97.41,static,skani
MT074474,MT074478,97.50,static,skani
MT074474,MT074480,96.77,static,skani
MT074474,MT074477,96.23,static,skani
MT074474,MT074479,95.99,static,skani
MT074470,MT074475,98.13,static,skani
MT074470,MT074471,95.73,static,skani
MT074470,MT074480,96.25,static,skani
MT074470,MT074477,96.27,static,skani
MT074470,MT074472,96.40,static,skani
MT074470,MT074478,97.73,static,skani
MT074470,MT074474,97.44,static,skani
MT074470,MT074479,96.02,static,skani
MN871495,MT074475,97.30,static,skani
MN871495,MT074471,95.69,static,skani
MN871495,MN871498,95.23,static,skani
MN871495,MT074480,95.95,static,skani
MN871495,MT074477,96.30,static,skani
MN871495,MT074472,95.90,static,skani
MN871495,MT074469,96.10,static,skani
MN871495,MT074478,97.42,static,skani
MN871495,MT074474,96.88,static,skani
MN871495,MT074470,96.92,static,skani
MN871495,MT074479,95.19,static,skani
MK972690,MT074475,98.20,static,skani
MK972690,MT074471,95.82,static,skani
MK972690,MN871498,95.44,static,skani
MK972690,MK972699,96.75,static,skani
MK972690,MT074480,96.43,static,skani
MK972690,MT074477,96.35,static,skani
MK972690,MT074472,96.73,static,skani
MK972690,MT074469,96.20,static,skani
MK972690,MN871491,97.49,static,skani
MK972690,MT074478,97.75,static,skani
MK972690,MT074474,97.51,static,skani
MK972690,MT074470,98.20,static,skani
MK972690,MN871495,97.27,static,skani
MK972690,MT074479,96.04,static,skani
MH709120,MT074475,97.47,static,skani
MH709120,MT074471,96.01,static,skani
MH709120,MN871498,95.51,static,skani
MH709120,MK972699,96.05,static,skani
MH709120,MH709121,97.32,static,skani
MH709120,MT074478,97.57,static,skani
MH709120,MT074474,96.94,static,skani
MH709120,MT074470,96.88,static,skani
MH709120,MN871495,97.38,static,skani
MH709120,MK972690,98.10,static,skani
MH709120,MT074480,96.84,static,skani
MH709120,MT074477,96.44,static,skani
MH709120,MT074472,95.99,static,skani
MH709120,MT074469,96.08,static,skani
MH709120,MN871491,97.08,static,skani
MH709120,MH791405,97.30,static,skani
MH709120,MT074479,96.14,static,skani
MG428992,MT074475,95.38,static,skani
MG428992,MT074471,94.61,static,skani
MG428992,MN871498,95.32,static,skani
MG428992,MK972699,96.44,static,skani
MG428992,MH709121,96.09,static,skani
MG428992,MG748547,95.79,static,skani
MG428992,MT074478,96.25,static,skani
MG428992,MT074474,96.10,static,skani
MG428992,MT074470,96.13,static,skani
MG428992,MN871495,96.01,static,skani
MG428992,MK972690,96.39,static,skani
MG428992,MH709120,96.73,static,skani
MG428992,MT074480,95.28,static,skani
MG428992,MT074477,96.43,static,skani
MG428992,MT074472,95.85,static,skani
MG428992,MT074469,96.25,static,skani
MG428992,MN871491,96.79,static,skani
MG428992,MH791405,96.75,static,skani
MG428992,MH370371,96.82,static,skani
MG428992,MT074479,94.76,static,skani
KX765865,MT074475,97.12,static,skani
KX765865,MT074471,95.67,static,skani
KX765865,MN871498,94.78,static,skani
KX765865,MK972699,95.69,static,skani
KX765865,MH709121,97.43,static,skani
KX765865,MG748547,96.00,static,skani
KX765865,KY787213,97.84,static,skani
KX765865,MT074478,97.79,static,skani
KX765865,MT074474,97.22,static,skani
KX765865,MT074470,97.37,static,skani
KX765865,MN871495,97.34,static,skani
KX765865,MK972690,97.64,static,skani
KX765865,MH709120,97.27,static,skani
KX765865,MG428992,96.43,static,skani
KX765865,MT074480,96.41,static,skani
KX765865,MT074477,96.60,static,skani
KX765865,MT074472,95.56,static,skani
KX765865,MT074469,96.21,static,skani
KX765865,MN871491,97.59,static,skani
KX765865,MH791405,97.69,static,skani
KX765865,MH370371,96.29,static,skani
KX765865,MG383452,97.51,static,skani
KX765865,MT074479,95.73,static,skani
KR296692,MT074475,97.33,static,skani
KR296692,MT074471,95.53,static,skani
KR296692,MN871498,94.78,static,skani
KR296692,MK972699,96.00,static,skani
KR296692,MH709121,97.17,static,skani
KR296692,MG748547,95.94,static,skani
KR296692,KY787213,97.45,static,skani
KR296692,KX245012,97.00,static,skani
KR296692,MT074478,97.10,static,skani
KR296692,MT074474,97.12,static,skani
KR296692,MT074470,97.13,static,skani
KR296692,MN871495,97.32,static,skani
KR296692,MK972690,97.51,static,skani
KR296692,MH709120,97.02,static,skani
KR296692,MG428992,96.37,static,skani
KR296692,KX765865,97.50,static,skani
KR296692,MT074480,96.47,static,skani
KR296692,MT074477,95.98,static,skani
KR296692,MT074472,95.62,static,skani
KR296692,MT074469,95.98,static,skani
KR296692,MN871491,97.36,static,skani
KR296692,MH791405,97.39,static,skani
KR296692,MH370371,96.31,static,skani
KR296692,MG383452,97.10,static,skani
KR296692,KX438380,97.95,static,skani
KR296692,MT074479,95.85,static,skani
KJ174317,MT074478,91.99,static,skani
KJ174317,MT074474,92.77,static,skani
KJ174317,MT074470,92.09,static,skani
KJ174317,MN871495,92.10,static,skani
KJ174317,MK972690,92.00,static,skani
KJ174317,MH709120,92.81,static,skani
KJ174317,MG428992,94.02,static,skani
KJ174317,KX765865,91.55,static,skani
KJ174317,KR296692,91.54,static,skani
KJ174317,MT074479,92.70,static,skani
KJ174317,MT074475,92.31,static,skani
KJ174317,MT074471,92.76,static,skani
KJ174317,MN871498,93.10,static,skani
KJ174317,MK972699,92.75,static,skani
KJ174317,MH709121,91.71,static,skani
KJ174317,MG748547,93.46,static,skani
KJ174317,KY787213,91.96,static,skani
KJ174317,KX245012,91.69,static,skani
KJ174317,KJ174318,91.64,static,skani
KJ174317,MT074480,92.31,static,skani
KJ174317,MT074477,93.80,static,skani
KJ174317,MT074472,93.27,static,skani
KJ174317,MT074469,93.00,static,skani
KJ174317,MN871491,92.64,static,skani
KJ174317,MH791405,93.39,static,skani
KJ174317,MH370371,93.01,static,skani
KJ174317,MG383452,92.26,static,skani
KJ174317,KX438380,91.79,static,skani
KJ174317,KP797973,92.15,static,skani
JX128257,MT074478,91.24,static,skani
JX128257,MT074474,92.24,static,skani
JX128257,MT074470,92.10,static,skani
JX128257,MN871495,90.56,static,skani
JX128257,MK972690,91.44,static,skani
JX128257,MH709120,92.11,static,skani
JX128257,MG428992,93.87,static,skani
JX128257,KX765865,90.72,static,skani
JX128257,KR296692,90.86,static,skani
JX128257,KJ174317,97.44,static,skani
JX128257,MT074479,91.48,static,skani
JX128257,MT074475,91.45,static,skani
JX128257,MT074471,92.38,static,skani
JX128257,MN871498,94.11,static,skani
JX128257,MK972699,93.68,static,skani
JX128257,MH709121,90.58,static,skani
JX128257,MG748547,93.85,static,skani
JX128257,KY787213,91.34,static,skani
JX128257,KX245012,91.13,static,skani
JX128257,KJ174318,90.47,static,skani
JX128257,KF669653,96.73,static,skani
JX128257,MT074480,91.69,static,skani
JX128257,MT074477,93.03,static,skani
JX128257,MT074472,93.31,static,skani
JX128257,MT074469,93.23,static,skani
JX128257,MN871491,91.83,static,skani
JX128257,MH791405,92.92,static,skani
JX128257,MH370371,93.34,static,skani
JX128257,MG383452,92.00,static,skani
JX128257,KX438380,91.49,static,skani
JX128257,KP797973,91.52,static,skani
JX128257,KF669654,97.59,static,skani
HQ259103,MT074478,98.22,static,skani
HQ259103,MT074474,98.02,static,skani
HQ259103,MT074470,97.54,static,skani
HQ259103,MN871495,97.53,static,skani
HQ259103,MK972690,97.15,static,skani
HQ259103,MH709120,97.27,static,skani
HQ259103,MG428992,96.66,static,skani
HQ259103,KX765865,97.65,static,skani
HQ259103,KR296692,97.35,static,skani
HQ259103,KJ174317,91.97,static,skani
HQ259103,JX128257,91.11,static,skani
HQ259103,MT074479,96.22,static,skani
HQ259103,MT074475,97.68,static,skani
HQ259103,MT074471,96.06,static,skani
HQ259103,MN871498,95.97,static,skani
HQ259103,MK972699,96.44,static,skani
HQ259103,MH709121,97.98,static,skani
HQ259103,MG748547,95.88,static,skani
HQ259103,KY787213,98.30,static,skani
HQ259103,KX245012,98.49,static,skani
HQ259103,KJ174318,97.63,static,skani
HQ259103,KF669653,92.73,static,skani
HQ259103,JN126049,97.67,static,skani
HQ259103,MT074480,96.82,static,skani
HQ259103,MT074477,96.16,static,skani
HQ259103,MT074472,96.27,static,skani
HQ259103,MT074469,96.94,static,skani
HQ259103,MN871491,98.03,static,skani
HQ259103,MH791405,97.56,static,skani
HQ259103,MH370371,97.23,static,skani
HQ259103,MG383452,98.38,static,skani
HQ259103,KX438380,97.85,static,skani
HQ259103,KP797973,96.88,static,skani
HQ259103,KF669654,91.55,static,skani
HQ259103,JN593240,98.25,static,skani
MT074479,MT074480,97.32,static,skani
MT074475,MT074478,97.39,static,skani
MT074475,MT074480,96.39,static,skani
MT074475,MT074477,95.83,static,skani
MT074475,MT074479,95.88,static,skani
MT074471,MT074475,95.57,static,skani
MT074471,MT074478,95.96,static,skani
MT074471,MT074474,96.48,static,skani
MT074471,MT074480,98.71,static,skani
MT074471,MT074477,95.49,static,skani
MT074471,MT074472,94.95,static,skani
MT074471,MT074479,97.39,static,skani
MN871498,MT074475,95.38,static,skani
MN871498,MT074471,94.89,static,skani
MN871498,MT074480,95.00,static,skani
MN871498,MT074477,94.92,static,skani
MN871498,MT074472,94.91,static,skani
MN871498,MT074469,95.25,static,skani
MN871498,MT074478,95.09,static,skani
MN871498,MT074474,95.47,static,skani
MN871498,MT074470,95.49,static,skani
MN871498,MT074479,94.26,static,skani
MK972699,MT074475,95.96,static,skani
MK972699,MT074471,95.39,static,skani
MK972699,MN871498,95.14,static,skani
MK972699,MT074480,96.02,static,skani
MK972699,MT074477,95.53,static,skani
MK972699,MT074472,95.85,static,skani
MK972699,MT074469,95.96,static,skani
MK972699,MN871491,96.07,static,skani
MK972699,MT074478,96.09,static,skani
MK972699,MT074474,96.21,static,skani
MK972699,MT074470,96.73,static,skani
MK972699,MN871495,95.94,static,skani
MK972699,MT074479,94.76,static,skani
MH709121,MT074475,97.68,static,skani
MH709121,MT074471,95.69,static,skani
MH709121,MN871498,95.85,static,skani
MH709121,MK972699,96.51,static,skani
MH709121,MT074478,97.71,static,skani
MH709121,MT074474,97.14,static,skani
MH709121,MT074470,97.44,static,skani
MH709121,MN871495,98.23,static,skani
MH709121,MK972690,97.77,static,skani
MH709121,MT074480,96.86,static,skani
MH709121,MT074477,96.56,static,skani
MH709121,MT074472,96.34,static,skani
MH709121,MT074469,96.16,static,skani
MH709121,MN871491,97.68,static,skani
MH709121,MH791405,97.54,static,skani
MH709121,MT074479,96.03,static,skani
MG748547,MT074475,95.56,static,skani
MG748547,MT074471,93.76,static,skani
MG748547,MN871498,94.34,static,skani
MG748547,MK972699,95.11,static,skani
MG748547,MH709121,96.10,static,skani
MG748547,MT074478,95.79,static,skani
MG748547,MT074474,95.88,static,skani
MG748547,MT074470,96.20,static,skani
MG748547,MN871495,95.22,static,skani
MG748547,MK972690,95.92,static,skani
MG748547,MH709120,95.70,static,skani
MG748547,MT074480,94.73,static,skani
MG748547,MT074477,94.69,static,skani
MG748547,MT074472,96.04,static,skani
MG748547,MT074469,95.56,static,skani
MG748547,MN871491,95.84,static,skani
MG748547,MH791405,95.86,static,skani
MG748547,MH370371,95.89,static,skani
MG748547,MT074479,94.68,static,skani
KY787213,MT074475,97.41,static,skani
KY787213,MT074471,95.89,static,skani
KY787213,MN871498,95.70,static,skani
KY787213,MK972699,96.44,static,skani
KY787213,MH709121,97.77,static,skani
KY787213,MG748547,95.38,static,skani
KY787213,MT074478,98.05,static,skani
KY787213,MT074474,97.39,static,skani
KY787213,MT074470,98.28,static,skani
KY787213,MN871495,97.70,static,skani
KY787213,MK972690,97.74,static,skani
KY787213,MH709120,97.27,static,skani
KY787213,MG428992,96.71,static,skani
KY787213,MT074480,96.82,static,skani
KY787213,MT074477,96.43,static,skani
KY787213,MT074472,96.37,static,skani
KY787213,MT074469,96.43,static,skani
KY787213,MN871491,98.31,static,skani
KY787213,MH791405,97.33,static,skani
KY787213,MH370371,96.85,static,skani
KY787213,MG383452,98.10,static,skani
KY787213,MT074479,96.09,static,skani
KX245012,MT074475,96.87,static,skani
KX245012,MT074471,95.65,static,skani
KX245012,MN871498,95.76,static,skani
KX245012,MK972699,96.35,static,skani
KX245012,MH709121,97.42,static,skani
KX245012,MG748547,95.62,static,skani
KX245012,KY787213,97.87,static,skani
KX245012,MT074478,97.80,static,skani
KX245012,MT074474,97.36,static,skani
KX245012,MT074470,97.59,static,skani
KX245012,MN871495,97.39,static,skani
KX245012,MK972690,97.54,static,skani
KX245012,MH709120,96.89,static,skani
KX245012,MG428992,96.37,static,skani
KX245012,KX765865,97.29,static,skani
KX245012,MT074480,96.61,static,skani
KX245012,MT074477,96.51,static,skani
KX245012,MT074472,96.23,static,skani
KX245012,MT074469,97.02,static,skani
KX245012,MN871491,97.97,static,skani
KX245012,MH791405,97.51,static,skani
KX245012,MH370371,97.05,static,skani
KX245012,MG383452,97.54,static,skani
KX245012,KX438380,97.37,static,skani
KX245012,MT074479,95.59,static,skani
KJ174318,MT074475,96.94,static,skani
KJ174318,MT074471,95.73,static,skani
KJ174318,MN871498,94.60,static,skani
KJ174318,MK972699,95.90,static,skani
KJ174318,MH709121,97.49,static,skani
KJ174318,MG748547,95.53,static,skani
KJ174318,KY787213,97.55,static,skani
KJ174318,KX245012,97.22,static,skani
KJ174318,MT074478,97.69,static,skani
KJ174318,MT074474,96.81,static,skani
KJ174318,MT074470,96.90,static,skani
KJ174318,MN871495,97.05,static,skani
KJ174318,MK972690,97.56,static,skani
KJ174318,MH709120,97.08,static,skani
KJ174318,MG428992,96.38,static,skani
KJ174318,KX765865,98.33,static,skani
KJ174318,KR296692,97.63,static,skani
KJ174318,MT074480,96.10,static,skani
KJ174318,MT074477,96.43,static,skani
KJ174318,MT074472,95.48,static,skani
KJ174318,MT074469,96.03,static,skani
KJ174318,MN871491,97.36,static,skani
KJ174318,MH791405,97.42,static,skani
KJ174318,MH370371,96.39,static,skani
KJ174318,MG383452,97.58,static,skani
KJ174318,KX438380,97.84,static,skani
KJ174318,KP797973,96.73,static,skani
KJ174318,MT074479,95.66,static,skani
KF669653,MT074478,91.77,static,skani
KF669653,MT074474,92.38,static,skani
KF669653,MT074470,92.98,static,skani
KF669653,MN871495,91.04,static,skani
KF669653,MK972690,92.68,static,skani
KF669653,MH709120,93.52,static,skani
KF669653,MG428992,92.73,static,skani
KF669653,KX765865,91.00,static,skani
KF669653,KR296692,91.18,static,skani
KF669653,KJ174317,95.79,static,skani
KF669653,MT074479,92.42,static,skani
KF669653,MT074475,91.71,static,skani
KF669653,MT074471,91.25,static,skani
KF669653,MN871498,93.39,static,skani
KF669653,MK972699,92.78,static,skani
KF669653,MH709121,92.94,static,skani
KF669653,MG748547,94.11,static,skani
KF669653,KY787213,92.53,static,skani
KF669653,KX245012,93.15,static,skani
KF669653,KJ174318,91.00,static,skani
KF669653,MT074480,92.55,static,skani
KF669653,MT074477,92.55,static,skani
KF669653,MT074472,93.68,static,skani
KF669653,MT074469,93.56,static,skani
KF669653,MN871491,92.27,static,skani
KF669653,MH791405,91.98,static,skani
KF669653,MH370371,94.09,static,skani
KF669653,MG383452,92.14,static,skani
KF669653,KX438380,91.21,static,skani
KF669653,KP797973,92.05,static,skani
KF669653,KF669654,98.95,static,skani
JN126049,MT074478,98.10,static,skani
JN126049,MT074474,97.47,static,skani
JN126049,MT074470,97.56,static,skani
JN126049,MN871495,97.61,static,skani
JN126049,MK972690,98.31,static,skani
JN126049,MH709120,97.94,static,skani
JN126049,MG428992,96.57,static,skani
JN126049,KX765865,97.78,static,skani
JN126049,KR296692,97.75,static,skani
JN126049,KJ174317,92.54,static,skani
JN126049,JX128257,91.29,static,skani
JN126049,MT074479,95.99,static,skani
JN126049,MT074475,97.57,static,skani
JN126049,MT074471,95.98,static,skani
JN126049,MN871498,95.28,static,skani
JN126049,MK972699,96.01,static,skani
JN126049,MH709121,97.92,static,skani
JN126049,MG748547,96.29,static,skani
JN126049,KY787213,97.86,static,skani
JN126049,KX245012,97.35,static,skani
JN126049,KJ174318,97.56,static,skani
JN126049,KF669653,92.41,static,skani
JN126049,MT074480,96.79,static,skani
JN126049,MT074477,96.65,static,skani
JN126049,MT074472,96.46,static,skani
JN126049,MT074469,96.57,static,skani
JN126049,MN871491,97.77,static,skani
JN126049,MH791405,97.43,static,skani
JN126049,MH370371,96.60,static,skani
JN126049,MG383452,97.56,static,skani
JN126049,KX438380,97.97,static,skani
JN126049,KP797973,96.63,static,skani
JN126049,KF669654,91.46,static,skani
JN126049,JN593240,97.69,static,skani
MT074477,MT074480,96.12,static,skani
MT074477,MT074478,96.20,static,skani
MT074477,MT074479,95.06,static,skani
MT074472,MT074475,95.88,static,skani
MT074472,MT074478,95.96,static,skani
MT074472,MT074474,96.06,static,skani
MT074472,MT074480,95.40,static,skani
MT074472,MT074477,96.16,static,skani
MT074472,MT074479,95.41,static,skani
MT074469,MT074475,96.08,static,skani
MT074469,MT074471,95.79,static,skani
MT074469,MT074480,95.65,static,skani
MT074469,MT074477,95.71,static,skani
MT074469,MT074472,95.86,static,skani
MT074469,MT074478,96.50,static,skani
MT074469,MT074474,96.72,static,skani
MT074469,MT074470,96.38,static,skani
MT074469,MT074479,94.83,static,skani
MN871491,MT074475,97.25,static,skani
MN871491,MT074471,95.65,static,skani
MN871491,MN871498,95.93,static,skani
MN871491,MT074480,96.70,static,skani
MN871491,MT074477,96.59,static,skani
MN871491,MT074472,96.22,static,skani
MN871491,MT074469,96.56,static,skani
MN871491,MT074478,98.13,static,skani
MN871491,MT074474,97.73,static,skani
MN871491,MT074470,98.01,static,skani
MN871491,MN871495,97.66,static,skani
MN871491,MT074479,95.90,static,skani
MH791405,MT074475,97.71,static,skani
MH791405,MT074471,95.60,static,skani
MH791405,MN871498,96.26,static,skani
MH791405,MK972699,96.94,static,skani
MH791405,MT074478,97.51,static,skani
MH791405,MT074474,97.24,static,skani
MH791405,MT074470,97.03,static,skani
MH791405,MN871495,97.38,static,skani
MH791405,MK972690,97.61,static,skani
MH791405,MT074480,97.02,static,skani
MH791405,MT074477,97.22,static,skani
MH791405,MT074472,96.50,static,skani
MH791405,MT074469,96.34,static,skani
MH791405,MN871491,97.46,static,skani
MH791405,MT074479,96.04,static,skani
MH370371,MT074475,96.51,static,skani
MH370371,MT074471,95.48,static,skani
MH370371,MN871498,95.62,static,skani
MH370371,MK972699,96.39,static,skani
MH370371,MH709121,96.76,static,skani
MH370371,MT074478,96.85,static,skani
MH370371,MT074474,97.29,static,skani
MH370371,MT074470,97.17,static,skani
MH370371,MN871495,96.48,static,skani
MH370371,MK972690,96.75,static,skani
MH370371,MH709120,96.57,static,skani
MH370371,MT074480,96.35,static,skani
MH370371,MT074477,96.08,static,skani
MH370371,MT074472,96.30,static,skani
MH370371,MT074469,98.86,static,skani
MH370371,MN871491,97.02,static,skani
MH370371,MH791405,96.78,static,skani
MH370371,MT074479,95.60,static,skani
MG383452,MT074475,96.81,static,skani
MG383452,MT074471,96.02,static,skani
MG383452,MN871498,95.48,static,skani
MG383452,MK972699,96.33,static,skani
MG383452,MH709121,97.29,static,skani
MG383452,MG748547,96.01,static,skani
MG383452,MT074478,97.78,static,skani
MG383452,MT074474,97.48,static,skani
MG383452,MT074470,97.52,static,skani
MG383452,MN871495,97.25,static,skani
MG383452,MK972690,97.46,static,skani
MG383452,MH709120,97.29,static,skani
MG383452,MG428992,96.58,static,skani
MG383452,MT074480,96.46,static,skani
MG383452,MT074477,96.23,static,skani
MG383452,MT074472,96.14,static,skani
MG383452,MT074469,96.70,static,skani
MG383452,MN871491,97.80,static,skani
MG383452,MH791405,97.43,static,skani
MG383452,MH370371,97.17,static,skani
MG383452,MT074479,95.83,static,skani
KX438380,MT074475,97.61,static,skani
KX438380,MT074471,95.58,static,skani
KX438380,MN871498,95.57,static,skani
KX438380,MK972699,95.92,static,skani
KX438380,MH709121,97.39,static,skani
KX438380,MG748547,96.15,static,skani
KX438380,KY787213,97.35,static,skani
KX438380,MT074478,97.06,static,skani
KX438380,MT074474,97.05,static,skani
KX438380,MT074470,97.07,static,skani
KX438380,MN871495,97.09,static,skani
KX438380,MK972690,97.87,static,skani
KX438380,MH709120,97.49,static,skani
KX438380,MG428992,96.71,static,skani
KX438380,KX765865,98.03,static,skani
KX438380,MT074480,96.06,static,skani
KX438380,MT074477,96.74,static,skani
KX438380,MT074472,95.87,static,skani
KX438380,MT074469,96.72,static,skani
KX438380,MN871491,97.08,static,skani
KX438380,MH791405,97.62,static,skani
KX438380,MH370371,96.88,static,skani
KX438380,MG383452,97.31,static,skani
KX438380,MT074479,95.14,static,skani
KP797973,MT074475,96.06,static,skani
KP797973,MT074471,95.30,static,skani
KP797973,MN871498,95.53,static,skani
KP797973,MK972699,95.96,static,skani
KP797973,MH709121,97.04,static,skani
KP797973,MG748547,95.15,static,skani
KP797973,KY787213,96.76,static,skani
KP797973,KX245012,96.53,static,skani
KP797973,MT074478,96.47,static,skani
KP797973,MT074474,95.99,static,skani
KP797973,MT074470,96.35,static,skani
KP797973,MN871495,96.32,static,skani
KP797973,MK972690,96.60,static,skani
KP797973,MH709120,96.31,static,skani
KP797973,MG428992,96.17,static,skani
KP797973,KX765865,96.66,static,skani
KP797973,KR296692,96.49,static,skani
KP797973,MT074480,95.85,static,skani
KP797973,MT074477,96.82,static,skani
KP797973,MT074472,96.34,static,skani
KP797973,MT074469,95.48,static,skani
KP797973,MN871491,96.82,static,skani
KP797973,MH791405,96.62,static,skani
KP797973,MH370371,95.59,static,skani
KP797973,MG383452,96.61,static,skani
KP797973,KX438380,96.84,static,skani
KP797973,MT074479,94.90,static,skani
KF669654,MT074478,91.29,static,skani
KF669654,MT074474,92.26,static,skani
KF669654,MT074470,91.90,static,skani
KF669654,MN871495,90.55,static,skani
KF669654,MK972690,92.43,static,skani
KF669654,MH709120,91.44,static,skani
KF669654,MG428992,91.78,static,skani
KF669654,KX765865,90.31,static,skani
KF669654,KR296692,90.30,static,skani
KF669654,KJ174317,96.05,static,skani
KF669654,MT074479,93.23,static,skani
KF669654,MT074475,91.44,static,skani
KF669654,MT074471,91.13,static,skani
KF669654,MN871498,93.00,static,skani
KF669654,MK972699,93.19,static,skani
KF669654,MH709121,91.23,static,skani
KF669654,MG748547,93.41,static,skani
KF669654,KY787213,91.40,static,skani
KF669654,KX245012,91.59,static,skani
KF669654,KJ174318,90.23,static,skani
KF669654,MT074480,92.01,static,skani
KF669654,MT074477,93.33,static,skani
KF669654,MT074472,92.98,static,skani
KF669654,MT074469,93.49,static,skani
KF669654,MN871491,91.61,static,skani
KF669654,MH791405,93.02,static,skani
KF669654,MH370371,94.06,static,skani
KF669654,MG383452,91.20,static,skani
KF669654,KX438380,90.72,static,skani
KF669654,KP797973,90.62,static,skani
JN593240,MT074478,98.00,static,skani
JN593240,MT074474,97.85,static,skani
JN593240,MT074470,97.59,static,skani
JN593240,MN871495,97.54,static,skani
JN593240,MK972690,97.31,static,skani
JN593240,MH709120,97.36,static,skani
JN593240,MG428992,97.03,static,skani
JN593240,KX765865,98.00,static,skani
JN593240,KR296692,97.30,static,skani
JN593240,KJ174317,92.39,static,skani
JN593240,JX128257,91.77,static,skani
JN593240,MT074479,96.11,static,skani
JN593240,MT074475,97.00,static,skani
JN593240,MT074471,96.06,static,skani
JN593240,MN871498,96.14,static,skani
JN593240,MK972699,96.72,static,skani
JN593240,MH709121,97.64,static,skani
JN593240,MG748547,96.11,static,skani
JN593240,KY787213,98.00,static,skani
JN593240,KX245012,97.57,static,skani
JN593240,KJ174318,97.58,static,skani
JN593240,KF669653,92.47,static,skani
JN593240,MT074480,96.99,static,skani
JN593240,MT074477,96.82,static,skani
JN593240,MT074472,96.28,static,skani
JN593240,MT074469,96.85,static,skani
JN593240,MN871491,97.90,static,skani
JN593240,MH791405,97.65,static,skani
JN593240,MH370371,97.53,static,skani
JN593240,MG383452,98.36,static,skani
JN593240,KX438380,97.90,static,skani
JN593240,KP797973,96.92,static,skani
JN593240,KF669654,91.43,static,skani
AC171169,MN994504,91.74,static,skani
AC171169,MN970211,94.41,static,skani
AC171169,MN026741,91.52,static,skani
AC171169,MK373796,94.27,static,skani
AC171169,MH203051,93.92,static,skani
AC171169,LR027384,93.85,static,skani
AC171169,KY677846,92.98,static,skani
AC171169,KR422353,93.47,static,skani
AC171169,KM979355,93.65,static,skani
AC171169,HQ665011,93.16,static,skani
AC171169,AP019559,94.40,static,skani
AC171169,MT074448,94.18,static,skani
AC171169,MN994496,92.94,static,skani
AC171169,MN316588,94.16,static,skani
AC171169,MK972715,92.07,static,skani
AC171169,MH370378,94.04,static,skani
AC171169,MF402939,93.86,static,skani
AC171169,KY963424,91.68,static,skani
AC171169,KX130863,95.17,static,skani
AC171169,KP143763,95.44,static,skani
AC171169,KJ190157,93.39,static,skani
AC171169,AY543070,95.08,static,skani
AC171169,MN994502,92.89,static,skani
AC171169,MN956514,92.22,static,skani
AC171169,MN022787,93.57,static,skani
AC171169,MH745368,90.70,static,skani
AC171169,MF431730,94.17,static,skani
AC171169,LN887948,92.34,static,skani
AC171169,KY114934,91.55,static,skani
AC171169,KR233164,91.41,static,skani
AC171169,KM979354,93.56,static,skani
AC171169,HQ406778,91.30,static,skani
MN994504,MT074448,95.47,static,skani
MN970211,MT074448,96.04,static,skani
MN970211,MN994496,94.89,static,skani
MN970211,MN994504,94.65,static,skani
MN970211,MN994502,96.42,static,skani
MN026741,MT074448,93.66,static,skani
MN026741,MN994496,94.74,static,skani
MN026741,MN316588,94.49,static,skani
MN026741,MN994504,94.92,static,skani
MN026741,MN970211,94.07,static,skani
MN026741,MN994502,94.47,static,skani
MN026741,MN956514,95.19,static,skani
MK373796,MT074448,95.72,static,skani
MK373796,MN994496,94.02,static,skani
MK373796,MN316588,94.59,static,skani
MK373796,MK972715,94.10,static,skani
MK373796,MN994502,94.55,static,skani
MK373796,MN956514,93.35,static,skani
MK373796,MN022787,94.49,static,skani
MK373796,MN994504,93.23,static,skani
MK373796,MN970211,95.45,static,skani
MK373796,MN026741,94.25,static,skani
MH203051,MT074448,93.31,static,skani
MH203051,MN994496,92.21,static,skani
MH203051,MN316588,93.90,static,skani
MH203051,MK972715,91.88,static,skani
MH203051,MH370378,92.47,static,skani
MH203051,MN994502,91.88,static,skani
MH203051,MN956514,91.56,static,skani
MH203051,MN022787,93.60,static,skani
MH203051,MH745368,91.90,static,skani
MH203051,MN994504,91.93,static,skani
MH203051,MN970211,92.77,static,skani
MH203051,MN026741,92.21,static,skani
MH203051,MK373796,93.19,static,skani
LR027384,MT074448,95.14,static,skani
LR027384,MN994496,94.58,static,skani
LR027384,MN316588,94.81,static,skani
LR027384,MK972715,94.33,static,skani
LR027384,MH370378,94.78,static,skani
LR027384,MF402939,94.47,static,skani
LR027384,MN994504,95.12,static,skani
LR027384,MN970211,94.58,static,skani
LR027384,MN026741,94.63,static,skani
LR027384,MK373796,94.18,static,skani
LR027384,MH203051,94.19,static,skani
LR027384,MN994502,94.78,static,skani
LR027384,MN956514,94.57,static,skani
LR027384,MN022787,94.33,static,skani
LR027384,MH745368,95.15,static,skani
LR027384,MF431730,94.34,static,skani
KY677846,MT074448,95.62,static,skani
KY677846,MN994496,95.27,static,skani
KY677846,MN316588,95.23,static,skani
KY677846,MK972715,94.04,static,skani
KY677846,MH370378,95.85,static,skani
KY677846,MF402939,94.83,static,skani
KY677846,KY963424,94.31,static,skani
KY677846,MN994504,94.85,static,skani
KY677846,MN970211,95.95,static,skani
KY677846,MN026741,93.77,static,skani
KY677846,MK373796,94.44,static,skani
KY677846,MH203051,92.62,static,skani
KY677846,LR027384,94.85,static,skani
KY677846,MN994502,96.10,static,skani
KY677846,MN956514,94.44,static,skani
KY677846,MN022787,94.41,static,skani
KY677846,MH745368,94.77,static,skani
KY677846,MF431730,95.00,static,skani
KY677846,LN887948,94.94,static,skani
KR422353,MT074448,94.28,static,skani
KR422353,MN994496,94.81,static,skani
KR422353,MN316588,96.12,static,skani
KR422353,MK972715,93.10,static,skani
KR422353,MH370378,95.27,static,skani
KR422353,MF402939,95.06,static,skani
KR422353,KY963424,93.90,static,skani
KR422353,KX130863,93.17,static,skani
KR422353,MN994504,93.09,static,skani
KR422353,MN970211,94.64,static,skani
KR422353,MN026741,93.78,static,skani
KR422353,MK373796,94.01,static,skani
KR422353,MH203051,92.99,static,skani
KR422353,LR027384,94.54,static,skani
KR422353,KY677846,95.04,static,skani
KR422353,MN994502,94.73,static,skani
KR422353,MN956514,94.49,static,skani
KR422353,MN022787,94.93,static,skani
KR422353,MH745368,94.21,static,skani
KR422353,MF431730,95.54,static,skani
KR422353,LN887948,94.33,static,skani
KR422353,KY114934,92.67,static,skani
KM979355,MT074448,94.71,static,skani
KM979355,MN994496,93.05,static,skani
KM979355,MN316588,94.21,static,skani
KM979355,MK972715,91.48,static,skani
KM979355,MH370378,93.34,static,skani
KM979355,MF402939,94.20,static,skani
KM979355,KY963424,91.57,static,skani
KM979355,KX130863,91.15,static,skani
KM979355,KP143763,92.85,static,skani
KM979355,MN994504,92.72,static,skani
KM979355,MN970211,93.07,static,skani
KM979355,MN026741,91.51,static,skani
KM979355,MK373796,94.71,static,skani
KM979355,MH203051,97.09,static,skani
KM979355,LR027384,92.91,static,skani
KM979355,KY677846,91.84,static,skani
KM979355,KR422353,93.60,static,skani
KM979355,MN994502,92.59,static,skani
KM979355,MN956514,92.32,static,skani
KM979355,MN022787,93.54,static,skani
KM979355,MH745368,91.95,static,skani
KM979355,MF431730,94.22,static,skani
KM979355,LN887948,93.31,static,skani
KM979355,KY114934,91.73,static,skani
KM979355,KR233164,92.09,static,skani
HQ665011,MT074448,94.42,static,skani
HQ665011,MN994496,95.50,static,skani
HQ665011,MN316588,94.20,static,skani
HQ665011,MK972715,94.50,static,skani
HQ665011,MH370378,94.95,static,skani
HQ665011,MF402939,94.63,static,skani
HQ665011,KY963424,94.08,static,skani
HQ665011,KX130863,92.62,static,skani
HQ665011,KP143763,91.60,static,skani
HQ665011,KJ190157,95.30,static,skani
HQ665011,MN994504,93.40,static,skani
HQ665011,MN970211,94.45,static,skani
HQ665011,MN026741,94.22,static,skani
HQ665011,MK373796,93.49,static,skani
HQ665011,MH203051,91.19,static,skani
HQ665011,LR027384,94.65,static,skani
HQ665011,KY677846,95.41,static,skani
HQ665011,KR422353,95.19,static,skani
HQ665011,KM979355,91.99,static,skani
HQ665011,MN994502,94.65,static,skani
HQ665011,MN956514,94.73,static,skani
HQ665011,MN022787,93.75,static,skani
HQ665011,MH745368,94.49,static,skani
HQ665011,MF431730,93.86,static,skani
HQ665011,LN887948,93.54,static,skani
HQ665011,KY114934,94.11,static,skani
HQ665011,KR233164,92.71,static,skani
HQ665011,KM979354,92.75,static,skani
AP019559,MN994504,94.41,static,skani
AP019559,MN970211,95.74,static,skani
AP019559,MN026741,93.64,static,skani
AP019559,MK373796,95.99,static,skani
AP019559,MH203051,93.29,static,skani
AP019559,LR027384,95.24,static,skani
AP019559,KY677846,95.58,static,skani
AP019559,KR422353,94.78,static,skani
AP019559,KM979355,94.42,static,skani
AP019559,HQ665011,94.43,static,skani
AP019559,MT074448,95.88,static,skani
AP019559,MN994496,95.16,static,skani
AP019559,MN316588,95.42,static,skani
AP019559,MK972715,93.49,static,skani
AP019559,MH370378,95.52,static,skani
AP019559,MF402939,95.25,static,skani
AP019559,KY963424,93.51,static,skani
AP019559,KX130863,92.25,static,skani
AP019559,KP143763,92.16,static,skani
AP019559,KJ190157,96.35,static,skani
AP019559,AY543070,91.83,static,skani
AP019559,MN994502,95.01,static,skani
AP019559,MN956514,93.90,static,skani
AP019559,MN022787,94.83,static,skani
AP019559,MH745368,94.35,static,skani
AP019559,MF431730,95.21,static,skani
AP019559,LN887948,94.00,static,skani
AP019559,KY114934,92.48,static,skani
AP019559,KR233164,92.67,static,skani
AP019559,KM979354,94.24,static,skani
AP019559,HQ406778,93.53,static,skani
MN994496,MT074448,94.81,static,skani
MN994496,MN994502,94.58,static,skani
MN994496,MN994504,92.81,static,skani
MN316588,MT074448,95.81,static,skani
MN316588,MN994496,94.37,static,skani
MN316588,MN994504,93.29,static,skani
MN316588,MN970211,94.85,static,skani
MN316588,MN994502,94.62,static,skani
MN316588,MN956514,93.67,static,skani
MK972715,MT074448,94.34,static,skani
MK972715,MN994496,94.15,static,skani
MK972715,MN316588,93.58,static,skani
MK972715,MN994502,93.82,static,skani
MK972715,MN956514,95.29,static,skani
MK972715,MN022787,93.73,static,skani
MK972715,MN994504,96.07,static,skani
MK972715,MN970211,94.15,static,skani
MK972715,MN026741,95.08,static,skani
MH370378,MT074448,97.02,static,skani
MH370378,MN994496,94.88,static,skani
MH370378,MN316588,96.06,static,skani
MH370378,MK972715,93.82,static,skani
MH370378,MN994502,95.38,static,skani
MH370378,MN956514,95.43,static,skani
MH370378,MN022787,95.17,static,skani
MH370378,MH745368,94.69,static,skani
MH370378,MN994504,94.43,static,skani
MH370378,MN970211,95.78,static,skani
MH370378,MN026741,94.86,static,skani
MH370378,MK373796,95.61,static,skani
MF402939,MT074448,95.98,static,skani
MF402939,MN994496,94.07,static,skani
MF402939,MN316588,95.32,static,skani
MF402939,MK972715,93.21,static,skani
MF402939,MH370378,95.05,static,skani
MF402939,MN994504,94.46,static,skani
MF402939,MN970211,94.55,static,skani
MF402939,MN026741,94.23,static,skani
MF402939,MK373796,95.13,static,skani
MF402939,MH203051,92.90,static,skani
MF402939,MN994502,94.32,static,skani
MF402939,MN956514,93.51,static,skani
MF402939,MN022787,95.10,static,skani
MF402939,MH745368,93.74,static,skani
MF402939,MF431730,95.40,static,skani
KY963424,MT074448,94.35,static,skani
KY963424,MN994496,93.57,static,skani
KY963424,MN316588,93.05,static,skani
KY963424,MK972715,95.21,static,skani
KY963424,MH370378,94.05,static,skani
KY963424,MF402939,94.19,static,skani
KY963424,MN994504,93.53,static,skani
KY963424,MN970211,93.84,static,skani
KY963424,MN026741,96.57,static,skani
KY963424,MK373796,93.57,static,skani
KY963424,MH203051,91.49,static,skani
KY963424,LR027384,94.41,static,skani
KY963424,MN994502,94.30,static,skani
KY963424,MN956514,95.72,static,skani
KY963424,MN022787,93.04,static,skani
KY963424,MH745368,95.35,static,skani
KY963424,MF431730,93.54,static,skani
KY963424,LN887948,95.25,static,skani
KX130863,MT074448,93.59,static,skani
KX130863,MN994496,93.34,static,skani
KX130863,MN316588,93.30,static,skani
KX130863,MK972715,91.42,static,skani
KX130863,MH370378,93.03,static,skani
KX130863,MF402939,92.54,static,skani
KX130863,KY963424,91.63,static,skani
KX130863,MN994504,91.79,static,skani
KX130863,MN970211,92.06,static,skani
KX130863,MN026741,90.78,static,skani
KX130863,MK373796,93.63,static,skani
KX130863,MH203051,91.67,static,skani
KX130863,LR027384,92.45,static,skani
KX130863,KY677846,92.91,static,skani
KX130863,MN994502,93.47,static,skani
KX130863,MN956514,91.27,static,skani
KX130863,MN022787,93.33,static,skani
KX130863,MH745368,91.72,static,skani
KX130863,MF431730,93.20,static,skani
KX130863,LN887948,91.65,static,skani
KX130863,KY114934,92.78,static,skani
KP143763,MT074448,93.19,static,skani
KP143763,MN994496,91.37,static,skani
KP143763,MN316588,92.41,static,skani
KP143763,MK972715,91.03,static,skani
KP143763,MH370378,92.48,static,skani
KP143763,MF402939,92.01,static,skani
KP143763,KY963424,91.59,static,skani
KP143763,KX130863,98.59,static,skani
KP143763,MN994504,91.24,static,skani
KP143763,MN970211,92.52,static,skani
KP143763,MN026741,90.52,static,skani
KP143763,MK373796,92.73,static,skani
KP143763,MH203051,92.57,static,skani
KP143763,LR027384,92.40,static,skani
KP143763,KY677846,92.42,static,skani
KP143763,KR422353,92.86,static,skani
KP143763,MN994502,91.94,static,skani
KP143763,MN956514,90.52,static,skani
KP143763,MN022787,92.10,static,skani
KP143763,MH745368,90.90,static,skani
KP143763,MF431730,92.82,static,skani
KP143763,LN887948,91.66,static,skani
KP143763,KY114934,90.69,static,skani
KP143763,KR233164,91.38,static,skani
KJ190157,MT074448,96.04,static,skani
KJ190157,MN994496,95.86,static,skani
KJ190157,MN316588,95.54,static,skani
KJ190157,MK972715,93.92,static,skani
KJ190157,MH370378,95.63,static,skani
KJ190157,MF402939,95.59,static,skani
KJ190157,KY963424,93.90,static,skani
KJ190157,KX130863,92.10,static,skani
KJ190157,KP143763,93.02,static,skani
KJ190157,MN994504,94.42,static,skani
KJ190157,MN970211,96.78,static,skani
KJ190157,MN026741,94.24,static,skani
KJ190157,MK373796,95.07,static,skani
KJ190157,MH203051,93.03,static,skani
KJ190157,LR027384,94.72,static,skani
KJ190157,KY677846,96.21,static,skani
KJ190157,KR422353,95.10,static,skani
KJ190157,KM979355,94.23,static,skani
KJ190157,MN994502,96.40,static,skani
KJ190157,MN956514,94.17,static,skani
KJ190157,MN022787,95.44,static,skani
KJ190157,MH745368,94.46,static,skani
KJ190157,MF431730,95.47,static,skani
KJ190157,LN887948,94.52,static,skani
KJ190157,KY114934,92.94,static,skani
KJ190157,KR233164,93.21,static,skani
KJ190157,KM979354,93.29,static,skani
AY543070,MN994504,92.47,static,skani
AY543070,MN970211,92.18,static,skani
AY543070,MN026741,90.55,static,skani
AY543070,MK373796,93.09,static,skani
AY543070,MH203051,94.32,static,skani
AY543070,LR027384,93.28,static,skani
AY543070,KY677846,93.18,static,skani
AY543070,KR422353,92.40,static,skani
AY543070,KM979355,94.27,static,skani
AY543070,HQ665011,91.07,static,skani
AY543070,MT074448,92.82,static,skani
AY543070,MN994496,93.32,static,skani
AY543070,MN316588,92.73,static,skani
AY543070,MK972715,93.28,static,skani
AY543070,MH370378,93.29,static,skani
AY543070,MF402939,93.79,static,skani
AY543070,KY963424,91.34,static,skani
AY543070,KX130863,93.45,static,skani
AY543070,KP143763,93.73,static,skani
AY543070,KJ190157,92.23,static,skani
AY543070,MN994502,91.30,static,skani
AY543070,MN956514,91.28,static,skani
AY543070,MN022787,92.97,static,skani
AY543070,MH745368,92.04,static,skani
AY543070,MF431730,92.72,static,skani
AY543070,LN887948,93.06,static,skani
AY543070,KY114934,92.00,static,skani
AY543070,KR233164,92.58,static,skani
AY543070,KM979354,94.24,static,skani
AY543070,HQ406778,91.08,static,skani
MN994502,MT074448,95.76,static,skani
MN994502,MN994504,94.71,static,skani
MN956514,MT074448,94.04,static,skani
MN956514,MN994496,93.47,static,skani
MN956514,MN994504,93.57,static,skani
MN956514,MN970211,93.95,static,skani
MN956514,MN994502,94.02,static,skani
MN022787,MT074448,95.21,static,skani
MN022787,MN994496,93.88,static,skani
MN022787,MN316588,96.53,static,skani
MN022787,MN994502,93.97,static,skani
MN022787,MN956514,93.18,static,skani
MN022787,MN994504,93.63,static,skani
MN022787,MN970211,94.22,static,skani
MN022787,MN026741,92.52,static,skani
MH745368,MT074448,94.12,static,skani
MH745368,MN994496,94.24,static,skani
MH745368,MN316588,93.48,static,skani
MH745368,MK972715,94.78,static,skani
MH745368,MN994502,93.91,static,skani
MH745368,MN956514,95.23,static,skani
MH745368,MN022787,93.77,static,skani
MH745368,MN994504,94.58,static,skani
MH745368,MN970211,94.23,static,skani
MH745368,MN026741,95.83,static,skani
MH745368,MK373796,93.35,static,skani
MF431730,MT074448,96.18,static,skani
MF431730,MN994496,94.57,static,skani
MF431730,MN316588,95.84,static,skani
MF431730,MK972715,93.21,static,skani
MF431730,MH370378,95.30,static,skani
MF431730,MN994502,95.19,static,skani
MF431730,MN956514,93.80,static,skani
MF431730,MN022787,94.91,static,skani
MF431730,MH745368,93.90,static,skani
MF431730,MN994504,93.85,static,skani
MF431730,MN970211,94.60,static,skani
MF431730,MN026741,93.73,static,skani
MF431730,MK373796,94.40,static,skani
MF431730,MH203051,94.25,static,skani
LN887948,MT074448,94.05,static,skani
LN887948,MN994496,94.86,static,skani
LN887948,MN316588,93.35,static,skani
LN887948,MK972715,96.04,static,skani
LN887948,MH370378,94.56,static,skani
LN887948,MF402939,94.37,static,skani
LN887948,MN994504,95.48,static,skani
LN887948,MN970211,95.24,static,skani
LN887948,MN026741,93.87,static,skani
LN887948,MK373796,94.14,static,skani
LN887948,MH203051,93.50,static,skani
LN887948,LR027384,93.92,static,skani
LN887948,MN994502,94.85,static,skani
LN887948,MN956514,95.39,static,skani
LN887948,MN022787,93.67,static,skani
LN887948,MH745368,93.70,static,skani
LN887948,MF431730,93.32,static,skani
KY114934,MT074448,92.90,static,skani
KY114934,MN994496,92.98,static,skani
KY114934,MN316588,92.26,static,skani
KY114934,MK972715,95.91,static,skani
KY114934,MH370378,93.44,static,skani
KY114934,MF402939,93.06,static,skani
KY114934,KY963424,94.56,static,skani
KY114934,MN994504,94.47,static,skani
KY114934,MN970211,93.52,static,skani
KY114934,MN026741,94.03,static,skani
KY114934,MK373796,92.53,static,skani
KY114934,MH203051,91.51,static,skani
KY114934,LR027384,93.32,static,skani
KY114934,KY677846,93.51,static,skani
KY114934,MN994502,92.05,static,skani
KY114934,MN956514,93.98,static,skani
KY114934,MN022787,91.95,static,skani
KY114934,MH745368,94.24,static,skani
KY114934,MF431730,91.21,static,skani
KY114934,LN887948,95.18,static,skani
KR233164,MT074448,93.38,static,skani
KR233164,MN994496,93.27,static,skani
KR233164,MN316588,91.89,static,skani
KR233164,MK972715,94.15,static,skani
KR233164,MH370378,93.67,static,skani
KR233164,MF402939,93.57,static,skani
KR233164,KY963424,95.78,static,skani
KR233164,KX130863,91.85,static,skani
KR233164,MN994504,94.01,static,skani
KR233164,MN970211,93.21,static,skani
KR233164,MN026741,95.44,static,skani
KR233164,MK373796,92.45,static,skani
KR233164,MH203051,93.01,static,skani
KR233164,LR027384,93.85,static,skani
KR233164,KY677846,93.32,static,skani
KR233164,KR422353,93.16,static,skani
KR233164,MN994502,93.37,static,skani
KR233164,MN956514,93.92,static,skani
KR233164,MN022787,91.47,static,skani
KR233164,MH745368,94.95,static,skani
KR233164,MF431730,92.86,static,skani
KR233164,LN887948,94.15,static,skani
KR233164,KY114934,93.84,static,skani
KM979354,MT074448,94.48,static,skani
KM979354,MN994496,92.52,static,skani
KM979354,MN316588,93.28,static,skani
KM979354,MK972715,91.37,static,skani
KM979354,MH370378,93.54,static,skani
KM979354,MF402939,94.22,static,skani
KM979354,KY963424,92.21,static,skani
KM979354,KX130863,90.68,static,skani
KM979354,KP143763,92.30,static,skani
KM979354,MN994504,92.68,static,skani
KM979354,MN970211,92.77,static,skani
KM979354,MN026741,92.35,static,skani
KM979354,MK373796,94.76,static,skani
KM979354,MH203051,96.91,static,skani
KM979354,LR027384,93.12,static,skani
KM979354,KY677846,91.92,static,skani
KM979354,KR422353,93.61,static,skani
KM979354,KM979355,99.13,static,skani
KM979354,MN994502,92.39,static,skani
KM979354,MN956514,92.14,static,skani
KM979354,MN022787,93.14,static,skani
KM979354,MH745368,92.49,static,skani
KM979354,MF431730,94.09,static,skani
KM979354,LN887948,93.28,static,skani
KM979354,KY114934,92.07,static,skani
KM979354,KR233164,93.34,static,skani
HQ406778,MN994504,93.83,static,skani
HQ406778,MN970211,94.29,static,skani
HQ406778,MN026741,97.98,static,skani
HQ406778,MK373796,93.12,static,skani
HQ406778,MH203051,92.19,static,skani
HQ406778,LR027384,94.48,static,skani
HQ406778,KY677846,94.07,static,skani
HQ406778,KR422353,93.42,static,skani
HQ406778,KM979355,91.97,static,skani
HQ406778,HQ665011,94.40,static,skani
HQ406778,MT074448,94.41,static,skani
HQ406778,MN994496,93.65,static,skani
HQ406778,MN316588,93.25,static,skani
HQ406778,MK972715,95.08,static,skani
HQ406778,MH370378,94.38,static,skani
HQ406778,MF402939,94.05,static,skani
HQ406778,KY963424,97.46,static,skani
HQ406778,KX130863,90.46,static,skani
HQ406778,KP143763,90.91,static,skani
HQ406778,KJ190157,93.79,static,skani
HQ406778,MN994502,94.15,static,skani
HQ406778,MN956514,94.70,static,skani
HQ406778,MN022787,92.57,static,skani
HQ406778,MH745368,95.85,static,skani
HQ406778,MF431730,93.31,static,skani
HQ406778,LN887948,94.49,static,skani
HQ406778,KY114934,94.61,static,skani
HQ406778,KR233164,95.50,static,skani
HQ406778,KM979354,91.77,static,skani
